<?xml version="1.0" encoding="UTF-8"?>
<!DOCTYPE mapper PUBLIC "-//mybatis.org//DTD Mapper 3.0//EN" "http://mybatis.org/dtd/mybatis-3-mapper.dtd">
<mapper namespace="com.bdqn.sys.dao.NoticeMapper">

    <!-- 通用查询映射结果 -->
    <resultMap id="BaseResultMap" type="com.bdqn.sys.entity.Notice">
        <id column="id" property="id" />
        <result column="title" property="title" />
        <result column="content" property="content" />
        <result column="createtime" property="createtime" />
        <result column="modifytime" property="modifytime" />
        <result column="opername" property="opername" />
    </resultMap>

    <!-- 通用查询结果列 -->
    <sql id="Base_Column_List">
        id, title, content, createtime, modifytime, opername
    </sql>

</mapper>
