<?xml version="1.0" encoding="UTF-8"?>
<!DOCTYPE mapper PUBLIC "-//mybatis.org//DTD Mapper 3.0//EN" "http://mybatis.org/dtd/mybatis-3-mapper.dtd">
<mapper namespace="com.bdqn.sys.dao.PermissionMapper">

    <!-- 通用查询映射结果 -->
    <resultMap id="BaseResultMap" type="com.bdqn.sys.entity.Permission">
        <id column="id" property="id" />
        <result column="pid" property="pid" />
        <result column="type" property="type" />
        <result column="title" property="title" />
        <result column="percode" property="percode" />
        <result column="icon" property="icon" />
        <result column="href" property="href" />
        <result column="open" property="open" />
        <result column="ordernum" property="ordernum" />
        <result column="available" property="available" />
    </resultMap>

    <!-- 通用查询结果列 -->
    <sql id="Base_Column_List">
        id, pid, type, title, percode, icon, href, open, ordernum, available
    </sql>

</mapper>
